MH01BX0001,Tiago,2016,Basic,100,vacant,19.052253072682323,74.18898182679146,Pune City
MH01BX0002,skoda,2020,Deluxe,150,vacant,18.712704035736092,73.84750886996403,Pune City
MH01BX0003,Jaguar,2017,Luxury,100,vacant,18.41511607910835,74.18749631384837,Pune City
MH01BX0004,Zen,2018,Basic,100,vacant,19.179827502585777,73.8764223994718,Pune City
MH01BX0005,BMW,2020,Luxury,150,vacant,18.849623320962195,74.01190608141826,Pune City
MH01BX0006,Mercedes,2019,Luxury,100,vacant,18.606134192296764,74.54526096661688,Pune City
MH01BX0007,Ciaz,2020,Deluxe,100,vacant,18.577399569268078,73.93762472304314,Pune City
MH01BX0008,Jaguar,2020,Luxury,150,vacant,19.085283367373393,73.6229212900283,Pune City
MH01BX0009,Zen,2016,Basic,125,vacant,18.561748450165034,73.8872066788666,Pune City
MH01BX0010,Sonet,2017,Basic,125,vacant,18.82205738616711,73.79930376667407,Pune City
MH01BX0011,skoda,2018,Deluxe,125,vacant,18.384121541786214,73.90252861282562,Pune City
MH01BX0012,skoda,2017,Deluxe,125,vacant,18.30119620908933,73.97513467539905,Pune City
MH01BX0013,Ecosport,2020,Deluxe,125,vacant,19.1642648551025,74.4155198594722,Pune City
MH01BX0014,Jaguar,2019,Luxury,150,vacant,18.402847086762815,73.67179632191673,Pune City
MH01BX0015,Ciaz,2018,Deluxe,100,vacant,18.361484347055708,73.77727232948277,Pune City
MH01BX0016,Sonet,2017,Basic,150,vacant,18.53988243380866,74.04319068412286,Pune City
MH01BX0017,BMW,2017,Luxury,125,vacant,18.606045836147505,74.33989437692472,Pune City
MH01BX0018,skoda,2018,Deluxe,100,vacant,18.556453473622106,74.00866891297255,Pune City
MH01BX0019,Tiago,2017,Basic,100,vacant,18.298898070143615,74.4674579454486,Pune City
MH01BX0020,Audi,2018,Luxury,125,vacant,18.50442760880035,74.18591707954289,Pune City
MH01BX0021,Audi,2017,Luxury,150,vacant,18.818049567088902,74.25998571299665,Pune City
MH01BX0022,Jaguar,2016,Luxury,150,vacant,18.821364896035675,73.68352025639902,Pune City
MH01BX0023,skoda,2018,Deluxe,100,vacant,18.882545455335638,73.85357669707369,Pune City
MH01BX0024,skoda,2019,Deluxe,100,vacant,18.746405502847445,74.07549913078648,Pune City
MH01BX0025,Tiago,2020,Basic,100,vacant,18.281985495398754,73.66970168680201,Pune City
MH01BX0026,Sonet,2016,Basic,100,vacant,18.793153796217617,74.12656209263594,Pune City
MH01BX0027,Ciaz,2017,Deluxe,100,vacant,18.57763435260218,74.12938551004126,Pune City
MH01BX0028,Jaguar,2021,Luxury,150,vacant,18.57815688828296,74.27093056801677,Pune City
MH01BX0029,Mercedes,2020,Luxury,100,vacant,18.93514431452405,74.15629081042205,Pune City
MH01BX0030,Tiago,2021,Basic,125,vacant,18.382380830376846,74.27486513760672,Pune City
MH01BX0031,BMW,2019,Luxury,100,vacant,18.989622378643887,73.63809122955905,Pune City
MH01BX0032,Ciaz,2021,Deluxe,100,vacant,18.6137416808982,74.25498954177871,Pune City
MH01BX0033,Tiago,2021,Basic,125,vacant,19.174438047869433,74.43540356128034,Pune City
MH01BX0034,Mercedes,2016,Luxury,100,vacant,19.10916055681215,73.893140744021,Pune City
MH01BX0035,BMW,2020,Luxury,150,vacant,19.129965163905677,74.49194251738768,Pune City
MH01BX0036,Ciaz,2021,Deluxe,150,vacant,18.53277952732561,74.03547041458522,Pune City
MH01BX0037,skoda,2016,Deluxe,100,vacant,18.730363284573798,74.52689158119993,Pune City
MH01BX0038,Zen,2019,Basic,125,vacant,19.1854103642126,74.28655258976768,Pune City
MH01BX0039,Ecosport,2020,Deluxe,125,vacant,18.812204861043988,74.21288773424793,Pune City
MH01BX0040,Ecosport,2017,Deluxe,100,vacant,19.06073029396724,73.8152806606449,Pune City
MH01BX0041,Ciaz,2020,Deluxe,125,vacant,18.49061073995725,74.38761391024799,Pune City
MH01BX0042,Audi,2017,Luxury,100,vacant,18.41385114208285,73.67127994547215,Pune City
MH01BX0043,Ciaz,2016,Deluxe,150,vacant,18.955595333545983,73.76344838420923,Pune City
MH01BX0044,Zen,2018,Basic,125,vacant,18.872622205053563,74.06248635292391,Pune City
MH01BX0045,Tiago,2016,Basic,150,vacant,18.26680613396112,74.10256312144811,Pune City
MH01BX0046,Mercedes,2020,Luxury,125,vacant,19.02716351897963,73.63081868578408,Pune City
MH01BX0047,Sonet,2018,Basic,150,vacant,18.222304584402657,74.2873679328199,Pune City
MH01BX0048,Mercedes,2021,Luxury,150,vacant,18.68211561436872,74.18740503758622,Pune City
MH01BX0049,Tiago,2019,Basic,125,vacant,18.66360134785992,73.56772431335853,Pune City
MH01BX0050,Jaguar,2020,Luxury,150,vacant,18.48850311709343,74.32042848394735,Pune City
MH01BX0051,Ciaz,2021,Deluxe,150,vacant,18.75694486126376,74.44158092539567,Pune City
MH01BX0052,Ciaz,2017,Deluxe,150,vacant,18.84500464307332,74.13181846722115,Pune City
MH01BX0053,Jaguar,2019,Luxury,150,vacant,18.698337292405355,73.59358311954033,Pune City
MH01BX0054,Mercedes,2021,Luxury,150,vacant,18.75192951877438,73.58403535785804,Pune City
MH01BX0055,Audi,2018,Luxury,125,vacant,18.62242346265613,74.17020835605341,Pune City
MH01BX0056,Tiago,2017,Basic,150,vacant,18.943772364774112,73.69288795164883,Pune City
MH01BX0057,Sonet,2016,Basic,100,vacant,18.286029846682002,73.67521861304782,Pune City
MH01BX0058,Mercedes,2018,Luxury,125,vacant,18.868183566138896,74.41534289239799,Pune City
MH01BX0059,Mercedes,2016,Luxury,100,vacant,18.464121741559435,74.0494903185411,Pune City
MH01BX0060,Zen,2018,Basic,125,vacant,18.808208819981594,73.82402710449011,Pune City
MH01BX0061,Zen,2020,Basic,100,vacant,18.461426160520837,73.67188425416445,Pune City
MH01BX0062,Sonet,2019,Basic,125,vacant,18.71249033298055,73.70066112179843,Pune City
MH01BX0063,Jaguar,2018,Luxury,150,vacant,18.324476927147746,73.68223598517967,Pune City
MH01BX0064,Ciaz,2019,Deluxe,150,vacant,18.787956012477963,74.52967832465573,Pune City
MH01BX0065,Ciaz,2017,Deluxe,125,vacant,18.47063953862497,73.90733272121318,Pune City
MH01BX0066,skoda,2021,Deluxe,100,vacant,19.112324598815864,74.33686253544518,Pune City
MH01BX0067,Sonet,2018,Basic,100,vacant,19.074184600586186,74.33517492491828,Pune City
MH01BX0068,Jaguar,2019,Luxury,150,vacant,19.023471066520134,74.34705273780571,Pune City
MH01BX0069,Sonet,2016,Basic,100,vacant,18.802428572081773,73.78425735942344,Pune City
MH01BX0070,Jaguar,2018,Luxury,150,vacant,18.987536616828514,73.62665331586989,Pune City
MH01BX0071,skoda,2020,Deluxe,100,vacant,18.51848226698297,74.17044247617308,Pune City
MH01BX0072,Sonet,2016,Basic,100,vacant,18.604746942675558,73.76552452172554,Pune City
MH01BX0073,Jaguar,2018,Luxury,100,vacant,18.35386882267974,74.37177068011113,Pune City
MH01BX0074,Sonet,2016,Basic,150,vacant,18.931324264962026,73.58201385133819,Pune City
MH01BX0075,Tiago,2018,Basic,125,vacant,18.82635159721937,74.51297576118856,Pune City
MH01BX0076,Sonet,2019,Basic,100,vacant,18.301526572692904,74.21687003505784,Pune City
MH01BX0077,BMW,2019,Luxury,100,vacant,18.487665786795624,73.98121608655745,Pune City
MH01BX0078,Tiago,2018,Basic,125,vacant,18.299511675359266,74.44485797118031,Pune City
MH01BX0079,BMW,2021,Luxury,150,vacant,18.654698136965767,73.5859884907315,Pune City
MH01BX0080,BMW,2020,Luxury,150,vacant,18.688691550140256,74.0695294063022,Pune City
MH01BX0081,Ecosport,2018,Deluxe,150,vacant,18.66290816169507,74.03253259693393,Pune City
MH01BX0082,Audi,2016,Luxury,100,vacant,18.72764444657126,74.04819718049106,Pune City
MH01BX0083,Audi,2018,Luxury,100,vacant,18.46162791010511,73.59804624561345,Pune City
MH01BX0084,Zen,2020,Basic,150,vacant,19.096842976674566,73.88212030060843,Pune City
MH01BX0085,Sonet,2020,Basic,150,vacant,18.366676613224374,73.93294131980464,Pune City
MH01BX0086,Audi,2017,Luxury,125,vacant,19.085113223938365,73.60965116152771,Pune City
MH01BX0087,Tiago,2019,Basic,125,vacant,19.210356103827724,73.89294190316902,Pune City
MH01BX0088,Sonet,2020,Basic,150,vacant,18.828577541758737,73.92915215733841,Pune City
MH01BX0089,BMW,2019,Luxury,150,vacant,18.71235407381529,74.50038892384157,Pune City
MH01BX0090,Tiago,2021,Basic,150,vacant,18.37020519694778,74.13744357787995,Pune City
MH01BX0091,BMW,2019,Luxury,150,vacant,18.899848777131105,73.91944328759685,Pune City
MH01BX0092,Ecosport,2019,Deluxe,125,vacant,18.665383239844957,73.64627612799346,Pune City
MH01BX0093,Ciaz,2018,Deluxe,100,vacant,18.33845938444776,74.28342571635723,Pune City
MH01BX0094,Tiago,2016,Basic,125,vacant,18.786417779958526,74.22418367488754,Pune City
MH01BX0095,Sonet,2016,Basic,125,vacant,18.261956585665498,74.14023695226528,Pune City
MH01BX0096,skoda,2018,Deluxe,125,vacant,18.892642228879353,73.98916886483427,Pune City
MH01BX0097,Ecosport,2021,Deluxe,125,vacant,18.80120383258935,74.0044660036921,Pune City
MH01BX0098,Ciaz,2018,Deluxe,150,vacant,19.00020556371069,74.17040967257913,Pune City
MH01BX0099,Ecosport,2017,Deluxe,150,vacant,18.391825056238204,74.18029832468528,Pune City
MH01BX0100,Sonet,2020,Basic,150,vacant,19.1026156077151,74.30780812413188,Pune City
MH01BX0101,BMW,2016,Luxury,125,vacant,18.89474235921328,73.86827808737254,Pune City
MH01BX0102,Tiago,2016,Basic,100,vacant,19.09349776029528,73.5892747908907,Pune City
MH01BX0103,Sonet,2019,Basic,100,vacant,18.333732302984206,74.209935465526,Pune City
MH01BX0104,skoda,2017,Deluxe,125,vacant,18.340203548259083,73.76935306962993,Pune City
MH01BX0105,Ciaz,2020,Deluxe,125,vacant,18.670197307901308,74.06038048258813,Pune City
MH01BX0106,Sonet,2018,Basic,125,vacant,18.650646019478742,73.78299573400847,Pune City
MH01BX0107,Sonet,2020,Basic,125,vacant,18.435199999045437,74.12902052615406,Pune City
MH01BX0108,Jaguar,2016,Luxury,100,vacant,18.264230254106245,73.94683799980226,Pune City
MH01BX0109,Jaguar,2016,Luxury,125,vacant,18.67682237737432,74.39788523980191,Pune City
MH01BX0110,Tiago,2018,Basic,100,vacant,18.965136502791758,74.51345971627572,Pune City
MH01BX0111,Ciaz,2020,Deluxe,100,vacant,19.169582848884193,74.06003573281097,Pune City
MH01BX0112,Tiago,2019,Basic,150,vacant,18.521120801534245,73.89010878904622,Pune City
MH01BX0113,skoda,2020,Deluxe,100,vacant,19.185393828703265,73.7339218115773,Pune City
MH01BX0114,Mercedes,2021,Luxury,125,vacant,18.359544313403383,74.32930973717423,Pune City
MH01BX0115,Audi,2017,Luxury,125,vacant,18.671085755849493,74.46575865201996,Pune City
MH01BX0116,Tiago,2021,Basic,100,vacant,18.272516563741505,73.85721408663203,Pune City
MH01BX0117,Jaguar,2017,Luxury,150,vacant,19.05671107631558,74.01659776301686,Pune City
MH01BX0118,Ciaz,2020,Deluxe,125,vacant,18.223284449998545,74.019956814165,Pune City
MH01BX0119,Jaguar,2020,Luxury,150,vacant,18.357423278575297,74.52960829070007,Pune City
MH01BX0120,BMW,2020,Luxury,125,vacant,19.16332896123487,74.36336012651549,Pune City
MH01BX0121,Ciaz,2018,Deluxe,125,vacant,18.95596533475301,73.55919253652213,Pune City
MH01BX0122,Tiago,2017,Basic,100,vacant,18.68670620567051,74.48587747095853,Pune City
MH01BX0123,Jaguar,2020,Luxury,125,vacant,18.2595996197276,73.70912380647204,Pune City
MH01BX0124,Ecosport,2018,Deluxe,100,vacant,18.575206885822038,73.9242711084713,Pune City
MH01BX0125,Mercedes,2019,Luxury,150,vacant,18.625205478833145,74.20777483044589,Pune City
MH01BX0126,BMW,2016,Luxury,125,vacant,19.080760546673222,73.6207591135477,Pune City
MH01BX0127,Sonet,2019,Basic,125,vacant,18.339315352895916,74.18053336905479,Pune City
MH01BX0128,Ciaz,2020,Deluxe,125,vacant,18.597612258458135,73.8970309386408,Pune City
MH01BX0129,Mercedes,2017,Luxury,100,vacant,18.240362243706414,73.92913510290907,Pune City
MH01BX0130,Mercedes,2017,Luxury,150,vacant,18.892831256383868,73.83968896273535,Pune City
MH01BX0131,Ecosport,2016,Deluxe,125,vacant,18.356824863237268,74.30267660515221,Pune City
MH01BX0132,Ciaz,2020,Deluxe,125,vacant,18.477058188451466,74.1328919357189,Pune City
MH01BX0133,Mercedes,2018,Luxury,125,vacant,18.511082036592498,74.20921400281546,Pune City
MH01BX0134,Audi,2017,Luxury,125,vacant,19.009492926718977,74.45501170412673,Pune City
MH01BX0135,Sonet,2016,Basic,100,vacant,19.05072494971751,73.76633552651334,Pune City
MH01BX0136,Tiago,2018,Basic,150,vacant,18.794630442661507,74.40815473296905,Pune City
MH01BX0137,Zen,2016,Basic,150,vacant,18.682298114113703,74.1505201363629,Pune City
MH01BX0138,skoda,2019,Deluxe,150,vacant,18.356501180906264,73.73992129183894,Pune City
MH01BX0139,Ciaz,2019,Deluxe,100,vacant,19.135436634524442,73.73625055451627,Pune City
MH01BX0140,Sonet,2016,Basic,150,vacant,18.38061596729539,74.37195013755863,Pune City
MH01BX0141,Tiago,2021,Basic,125,vacant,18.236410508355604,74.1741320702349,Pune City
MH01BX0142,Audi,2018,Luxury,150,vacant,18.703756480184648,74.01976571276506,Pune City
MH01BX0143,Ciaz,2021,Deluxe,100,vacant,18.403014387264786,74.45107045550765,Pune City
MH01BX0144,Tiago,2021,Basic,125,vacant,19.027719449979656,73.67235824857055,Pune City
MH01BX0145,BMW,2017,Luxury,125,vacant,18.323296095254033,74.23550377364145,Pune City
MH01BX0146,skoda,2016,Deluxe,150,vacant,19.008744132197904,74.43217669840597,Pune City
MH01BX0147,Ecosport,2017,Deluxe,100,vacant,18.822181758685048,73.61880005840399,Pune City
MH01BX0148,BMW,2018,Luxury,100,vacant,19.147232111589002,74.05230541780202,Pune City
MH01BX0149,Audi,2020,Luxury,100,vacant,18.514147648781687,73.77299041187918,Pune City
MH01BX0150,Zen,2020,Basic,100,vacant,18.93806867054682,74.03769839656997,Pune City
MH01BX0151,Zen,2016,Basic,100,vacant,18.243945621995714,74.32570477560186,Pune City
MH01BX0152,Sonet,2016,Basic,100,vacant,18.788071225608117,74.42126554285915,Pune City
MH01BX0153,Mercedes,2019,Luxury,100,vacant,18.929215312816478,73.85940136955944,Pune City
MH01BX0154,Mercedes,2020,Luxury,150,vacant,19.022830260838415,73.60937333562279,Pune City
MH01BX0155,Jaguar,2019,Luxury,100,vacant,19.127900025814018,74.32433197232702,Pune City
MH01BX0156,Ciaz,2018,Deluxe,150,vacant,18.7914554556167,73.56306736429426,Pune City
MH01BX0157,skoda,2017,Deluxe,150,vacant,18.662714037656265,73.85273152274279,Pune City
MH01BX0158,Ciaz,2020,Deluxe,100,vacant,18.430010225886132,74.2495889617032,Pune City
MH01BX0159,Zen,2019,Basic,100,vacant,18.82148891405587,74.25134119087826,Pune City
MH01BX0160,Sonet,2019,Basic,125,vacant,19.18719190220018,73.85109892492689,Pune City
MH01BX0161,Jaguar,2016,Luxury,150,vacant,19.101395437114046,74.22623566724454,Pune City
MH01BX0162,Ecosport,2016,Deluxe,125,vacant,19.130298789997166,73.73273840152426,Pune City
MH01BX0163,Sonet,2021,Basic,100,vacant,18.29754997497322,74.23913634335831,Pune City
MH01BX0164,Tiago,2019,Basic,150,vacant,18.37885485643572,73.81063296319756,Pune City
MH01BX0165,Ciaz,2020,Deluxe,150,vacant,19.016056742228738,74.49227974639555,Pune City
MH01BX0166,skoda,2021,Deluxe,100,vacant,18.372904496647735,74.46971943193005,Pune City
MH01BX0167,skoda,2021,Deluxe,150,vacant,18.63670377597969,73.9951827430233,Pune City
MH01BX0168,Ciaz,2016,Deluxe,100,vacant,18.968352131630766,73.631616087752,Pune City
MH01BX0169,Ecosport,2016,Deluxe,100,vacant,18.467671287230843,73.68506820807012,Pune City
MH01BX0170,Jaguar,2021,Luxury,100,vacant,18.400723061517983,74.36225616340919,Pune City
MH01BX0171,Zen,2017,Basic,100,vacant,18.970164591508816,74.31438707244804,Pune City
MH01BX0172,skoda,2019,Deluxe,150,vacant,18.285075041366184,74.52053920415136,Pune City
MH01BX0173,Mercedes,2020,Luxury,150,vacant,18.82885995555637,73.98864570351104,Pune City
MH01BX0174,Mercedes,2021,Luxury,150,vacant,18.436353247553292,74.18065501617664,Pune City
MH01BX0175,Mercedes,2018,Luxury,125,vacant,18.55499658147879,74.07479477631406,Pune City
MH01BX0176,Tiago,2016,Basic,150,vacant,18.522050699342863,73.86850534263758,Pune City
MH01BX0177,Audi,2018,Luxury,100,vacant,18.801764722504352,73.88728205156909,Pune City
MH01BX0178,Audi,2018,Luxury,125,vacant,19.034865149817037,74.21797884851897,Pune City
MH01BX0179,Tiago,2017,Basic,100,vacant,19.158923186038358,74.33026950271942,Pune City
MH01BX0180,Zen,2017,Basic,100,vacant,19.112523034716375,73.79147793039068,Pune City
MH01BX0181,Sonet,2019,Basic,125,vacant,18.846414608641293,74.40657128860882,Pune City
MH01BX0182,skoda,2020,Deluxe,100,vacant,19.021193156149025,73.72546195109743,Pune City
MH01BX0183,BMW,2019,Luxury,100,vacant,18.36549852915092,73.7460939655489,Pune City
MH01BX0184,Tiago,2020,Basic,125,vacant,19.153784403848796,74.53997403113915,Pune City
MH01BX0185,Sonet,2020,Basic,100,vacant,18.946240855112364,74.37252890802846,Pune City
MH01BX0186,BMW,2018,Luxury,125,vacant,18.971108896186486,74.42545150783764,Pune City
MH01BX0187,Ecosport,2020,Deluxe,100,vacant,19.17473392635739,74.02968928250753,Pune City
MH01BX0188,Jaguar,2021,Luxury,100,vacant,18.669817840853216,74.47920486104073,Pune City
MH01BX0189,skoda,2019,Deluxe,150,vacant,18.795867389645206,73.91307830369338,Pune City
MH01BX0190,Tiago,2016,Basic,150,vacant,18.76595477491059,74.0836498448285,Pune City
MH01BX0191,Audi,2017,Luxury,125,vacant,18.43958009933372,73.63547041293305,Pune City
MH01BX0192,Mercedes,2019,Luxury,150,vacant,19.097558964230593,74.52037633077867,Pune City
MH01BX0193,Tiago,2020,Basic,100,vacant,18.65879278663391,73.67453727475383,Pune City
MH01BX0194,Mercedes,2021,Luxury,150,vacant,18.26919600919978,73.6961325790187,Pune City
MH01BX0195,Audi,2016,Luxury,125,vacant,18.79949263341002,74.09530790668968,Pune City
MH01BX0196,Zen,2019,Basic,125,vacant,18.963085147084737,74.39581888789272,Pune City
MH01BX0197,Ecosport,2019,Deluxe,150,vacant,18.537312592613013,74.26512550227865,Pune City
MH01BX0198,Zen,2018,Basic,150,vacant,18.356838599220254,74.25622900873242,Pune City
MH01BX0199,Audi,2020,Luxury,150,vacant,18.751965115643156,74.12269715333262,Pune City
MH01BX0200,Sonet,2017,Basic,100,vacant,18.2886589898702,74.55166310044677,Pune City
MH01BX0201,Jaguar,2021,Luxury,125,vacant,18.353616645908474,74.37349500223614,Pune City
MH01BX0202,Mercedes,2018,Luxury,125,vacant,18.614080136124077,74.22916107882388,Pune City
MH01BX0203,Sonet,2020,Basic,100,vacant,18.57070841255502,73.64139628846553,Pune City
MH01BX0204,Tiago,2017,Basic,100,vacant,18.693375469905977,73.85174229587842,Pune City
MH01BX0205,Ciaz,2018,Deluxe,100,vacant,18.782105314471927,74.32763416308038,Pune City
MH01BX0206,Ecosport,2021,Deluxe,125,vacant,18.66166153116234,74.39286511596822,Pune City
MH01BX0207,Jaguar,2018,Luxury,100,vacant,19.01213541897842,73.73205569787862,Pune City
MH01BX0208,BMW,2017,Luxury,125,vacant,18.47443001121738,73.83494079913955,Pune City
MH01BX0209,Tiago,2021,Basic,125,vacant,18.337918095089908,73.89702412955678,Pune City
MH01BX0210,Sonet,2017,Basic,100,vacant,18.743922097855773,73.70222808425235,Pune City
MH01BX0211,Mercedes,2020,Luxury,150,vacant,18.918850793574858,74.0129954760644,Pune City
MH01BX0212,Ciaz,2017,Deluxe,100,vacant,18.394630059319418,74.1926828377224,Pune City
MH01BX0213,Mercedes,2019,Luxury,125,vacant,18.724968764503743,73.85083886100524,Pune City
MH01BX0214,Mercedes,2018,Luxury,100,vacant,18.547534213137247,74.33734878496522,Pune City
MH01BX0215,Ciaz,2016,Deluxe,150,vacant,18.32083062282357,73.80794782618685,Pune City
MH01BX0216,Ciaz,2017,Deluxe,150,vacant,18.73395350784838,74.2639326388685,Pune City
MH01BX0217,Sonet,2020,Basic,125,vacant,18.408943118274394,74.39380263626528,Pune City
MH01BX0218,BMW,2018,Luxury,100,vacant,18.5643440646526,74.30122388119464,Pune City
MH01BX0219,Zen,2018,Basic,150,vacant,18.925442471533866,73.9817199984887,Pune City
MH01BX0220,Jaguar,2016,Luxury,150,vacant,18.951971771262375,74.31953814101809,Pune City
MH01BX0221,BMW,2019,Luxury,150,vacant,18.540148782959843,73.81613884532628,Pune City
MH01BX0222,Mercedes,2019,Luxury,150,vacant,18.803155684487308,74.47557900411358,Pune City
MH01BX0223,BMW,2017,Luxury,100,vacant,19.022491409053167,73.6548816998351,Pune City
MH01BX0224,Audi,2021,Luxury,125,vacant,18.76609280352959,74.29010863713846,Pune City
MH01BX0225,Sonet,2017,Basic,100,vacant,18.403366053552666,74.51564606456071,Pune City
MH01BX0226,Tiago,2017,Basic,150,vacant,18.884735328120584,73.75034719083905,Pune City
MH01BX0227,Ciaz,2018,Deluxe,125,vacant,18.350885846649987,73.63047963370914,Pune City
MH01BX0228,skoda,2021,Deluxe,150,vacant,18.84357091323924,74.43383006318457,Pune City
MH01BX0229,Audi,2021,Luxury,125,vacant,18.483842736674436,74.35431420318871,Pune City
MH01BX0230,Tiago,2020,Basic,100,vacant,18.46720657945454,74.51676621375609,Pune City
MH01BX0231,Ciaz,2017,Deluxe,150,vacant,18.65594021617701,74.4689820031132,Pune City
MH01BX0232,Audi,2019,Luxury,100,vacant,18.609730745683798,73.72300689584371,Pune City
MH01BX0233,Mercedes,2019,Luxury,100,vacant,18.426248415408736,73.65731468240247,Pune City
MH01BX0234,Ecosport,2017,Deluxe,125,vacant,18.88292586386218,73.92172086688569,Pune City
MH01BX0235,Audi,2020,Luxury,125,vacant,18.969816764450858,74.2519638242603,Pune City
MH01BX0236,Tiago,2021,Basic,150,vacant,18.41392553470308,73.58897414262428,Pune City
MH01BX0237,Tiago,2018,Basic,125,vacant,18.30852503699718,73.83021974640036,Pune City
MH01BX0238,Zen,2017,Basic,125,vacant,18.825888302921133,74.18154555474125,Pune City
MH01BX0239,Sonet,2018,Basic,150,vacant,18.23911142705319,73.61894307447389,Pune City
MH01BX0240,Zen,2017,Basic,150,vacant,18.785314537149024,74.14212834887635,Pune City
MH01BX0241,Zen,2019,Basic,125,vacant,18.864426263082112,73.88996179738113,Pune City
MH01BX0242,Mercedes,2021,Luxury,150,vacant,18.7932453891805,73.66362286429543,Pune City
MH01BX0243,Tiago,2019,Basic,125,vacant,19.052155137420847,74.20478049305036,Pune City
MH01BX0244,skoda,2020,Deluxe,150,vacant,19.096426562799593,74.3531956588141,Pune City
MH01BX0245,Audi,2016,Luxury,125,vacant,18.839351109091808,74.1867530370385,Pune City
MH01BX0246,Ciaz,2020,Deluxe,150,vacant,19.029851478266274,73.63125024083723,Pune City
MH01BX0247,skoda,2016,Deluxe,100,vacant,18.88440371343831,74.37067601936954,Pune City
MH01BX0248,Jaguar,2016,Luxury,150,vacant,18.818987828392203,74.03464014782224,Pune City
MH01BX0249,Ecosport,2016,Deluxe,100,vacant,18.245614478161322,73.8344430282789,Pune City
MH01BX0250,skoda,2018,Deluxe,125,vacant,18.748711033882483,73.81276062320602,Pune City
MH01BX0251,skoda,2016,Deluxe,125,vacant,18.40393940765791,73.90979231321043,Pune City
MH01BX0252,skoda,2017,Deluxe,125,vacant,18.608023243695943,73.65939416883018,Pune City
MH01BX0253,Audi,2016,Luxury,150,vacant,18.28761789613825,74.24268202619416,Pune City
MH01BX0254,Zen,2021,Basic,150,vacant,18.997886675895003,73.66041372831559,Pune City
MH01BX0255,Ciaz,2017,Deluxe,125,vacant,19.195616155994777,74.47698480783248,Pune City
MH01BX0256,Tiago,2016,Basic,125,vacant,19.109166549767718,73.76980537802285,Pune City
MH01BX0257,Jaguar,2020,Luxury,150,vacant,18.616319585832915,74.09089076959206,Pune City
MH01BX0258,Sonet,2019,Basic,100,vacant,18.777995912015452,73.6529573183587,Pune City
MH01BX0259,Jaguar,2020,Luxury,125,vacant,18.967109246808292,74.08158432621218,Pune City
MH01BX0260,BMW,2016,Luxury,150,vacant,19.13134754689535,73.60600694720127,Pune City
MH01BX0261,Zen,2019,Basic,100,vacant,18.64518254166171,74.37781985023432,Pune City
MH01BX0262,BMW,2016,Luxury,150,vacant,18.881606172557056,73.81888593435443,Pune City
MH01BX0263,Zen,2016,Basic,125,vacant,18.575713797855556,73.61876954410792,Pune City
MH01BX0264,Ciaz,2017,Deluxe,125,vacant,18.631863847147326,73.76977878519814,Pune City
MH01BX0265,Tiago,2020,Basic,100,vacant,18.4540356527394,74.21459223834903,Pune City
MH01BX0266,Jaguar,2017,Luxury,100,vacant,19.0478556914661,74.46454530959586,Pune City
MH01BX0267,Audi,2018,Luxury,125,vacant,19.1815925129976,74.14971379490778,Pune City
MH01BX0268,Sonet,2018,Basic,125,vacant,18.88205095253029,74.29996141168425,Pune City
MH01BX0269,Ciaz,2019,Deluxe,125,vacant,19.14250019464575,74.12451213614779,Pune City
MH01BX0270,skoda,2018,Deluxe,100,vacant,19.065175199051737,74.10021379541375,Pune City
MH01BX0271,Sonet,2018,Basic,100,vacant,18.485182715369252,74.21806289064139,Pune City
MH01BX0272,Ciaz,2016,Deluxe,150,vacant,19.075453554539603,73.95574319526924,Pune City
MH01BX0273,Audi,2017,Luxury,125,vacant,19.12273517786943,74.11578064746787,Pune City
MH01BX0274,Ecosport,2017,Deluxe,150,vacant,18.828027419945556,73.94882737698593,Pune City
MH01BX0275,Audi,2018,Luxury,100,vacant,18.445338180561375,74.09873449765519,Pune City
MH01BX0276,Zen,2016,Basic,100,vacant,18.35484750088813,74.09158596208896,Pune City
MH01BX0277,skoda,2021,Deluxe,150,vacant,19.029524933232246,73.70379586801883,Pune City
MH01BX0278,Ecosport,2017,Deluxe,100,vacant,18.267330216064035,74.15793818253934,Pune City
MH01BX0279,skoda,2019,Deluxe,150,vacant,19.075486860706604,74.31364376131748,Pune City
MH01BX0280,Ciaz,2017,Deluxe,125,vacant,19.03635215027584,73.55777815827629,Pune City
MH01BX0281,Audi,2016,Luxury,150,vacant,18.840966659168316,74.31474073478353,Pune City
MH01BX0282,Ecosport,2021,Deluxe,125,vacant,18.73530196407135,74.54842463135698,Pune City
MH01BX0283,Zen,2016,Basic,125,vacant,18.30034260672834,73.85440031970914,Pune City
MH01BX0284,skoda,2020,Deluxe,125,vacant,18.356479556961602,73.7850723039959,Pune City
MH01BX0285,BMW,2016,Luxury,100,vacant,18.299474265382052,74.47283765242052,Pune City
MH01BX0286,Ciaz,2019,Deluxe,125,vacant,18.745990069168236,74.54153560094548,Pune City
MH01BX0287,Audi,2016,Luxury,150,vacant,19.117972227626588,74.35637057664955,Pune City
MH01BX0288,Sonet,2016,Basic,150,vacant,18.94365997286932,74.3422489880109,Pune City
MH01BX0289,Ciaz,2017,Deluxe,150,vacant,18.88977351001802,74.53169247964415,Pune City
MH01BX0290,Sonet,2018,Basic,100,vacant,18.79608794414998,74.21598424278255,Pune City
MH01BX0291,Jaguar,2016,Luxury,100,vacant,18.75149788400071,73.89500198635935,Pune City
MH01BX0292,Audi,2020,Luxury,150,vacant,18.294940527738486,74.12613191302808,Pune City
MH01BX0293,Mercedes,2017,Luxury,100,vacant,18.693238542927507,74.08931191691775,Pune City
MH01BX0294,Ciaz,2020,Deluxe,150,vacant,18.265945318835698,73.69099310055238,Pune City
MH01BX0295,Jaguar,2019,Luxury,100,vacant,19.164227797167822,73.99386077555609,Pune City
MH01BX0296,Tiago,2018,Basic,150,vacant,18.734121927115226,74.4531390617424,Pune City
MH01BX0297,Audi,2017,Luxury,125,vacant,18.64485058276994,74.33471647631957,Pune City
MH01BX0298,Tiago,2021,Basic,100,vacant,18.707949874406037,73.75998761314503,Pune City
MH01BX0299,Mercedes,2018,Luxury,100,vacant,18.28286747457204,73.92785105399497,Pune City
